{
   "stages" : [
      {
         "name" : "call_features_rRNA_SEED"
      },
      {
         "name" : "call_features_tRNA_trnascan"
      },
      {
         "name" : "call_features_repeat_region_SEED",
         "repeat_region_SEED_parameters" : {
            "min_identity" : "95",
            "min_length" : "100"
         }
      },
      {
         "name" : "call_selenoproteins",
         "failure_is_not_fatal" : "1"
      },
      {
         "name" : "call_pyrrolysoproteins",
         "failure_is_not_fatal" : "1"
      },
      {
         "condition" : "$genome->{scientific_name} =~ /^Streptococcus\\s/",
         "name" : "call_features_strep_suis_repeat"
      },
      {
         "condition" : "$genome->{scientific_name} =~ /^Streptococcus\\s/",
         "name" : "call_features_strep_pneumo_repeat"
      },
      {
         "name" : "call_features_crispr",
         "failure_is_not_fatal" : "1"
      },
      {
         "glimmer3_parameters" : {
            "min_training_len" : "2000"
         },
         "failure_is_not_fatal" : "1",
         "name" : "call_features_CDS_glimmer3"
      },
      {
         "name" : "call_features_CDS_prodigal"
      },
      {
         "name" : "call_features_CDS_genemark"
      },
      {
         "prune_invalid_CDS_features_parameters" : {
            "max_homopolymer_frequency" : "0.9",
            "minimum_contig_length" : "0"
         },
         "name" : "prune_invalid_CDS_features"
      },
      {
         "kmer_v2_parameters" : {
            "min_hits" : "5"
         },
         "name" : "annotate_proteins_kmer_v2"
      },
      {
         "phage_parameters" : {
            "annotate_hypothetical_only" : "1"
         },
         "name" : "annotate_proteins_phage"
      },
      {
         "name" : "resolve_overlapping_features",
         "resolve_overlapping_features_parameters" : {}
      },
      {
         "failure_is_not_fatal" : "1",
         "name" : "classify_amr",
         "condition" : "scalar @{$genome->{contigs}} != grep { $_->{replicon_type} eq \"plasmid\" } @{$genome->{contigs}}"
      },
      {
         "name" : "annotate_special_proteins"
      },
      {
         "name" : "annotate_families_patric"
      },
      {
         "name" : "find_close_neighbors"
      },
      {
         "name" : "annotate_strain_type_MLST"
      },
      {
         "name" : "compute_genome_quality_control",
         "failure_is_not_fatal" : "1"
      },
      {
         "name" : "evaluate_genome",
         "failure_is_not_fatal" : "1",
         "evaluate_genome_parameters" : {}
      }
   ]
}
