#locus	location	hit_accession	gene	product	identity	q_cov	s_cov	e_value	note
KOXSRR32937950_03700	sequence01:410374..410826	VFDB:VFG000478:NP_459678	fur	ferric iron uptake transcriptional regulator	86.3	96.5	96.5	1.21e-133	similar to fur in Salmonella enterica subsp. enterica serovar Typhimurium str. LT2
KOXSRR32937950_04600	sequence01:complement(510057..510908)	VFDB:VFG048411:WP_014228361	entB	2,3-dihydro-2,3-dihydroxybenzoate synthetase, isochroismatase	95.4	100.0	100.0	0.0	similar to entB in Klebsiella oxytoca E718
KOXSRR32937950_04630	sequence01:514047..515006	VFDB:VFG048441:WP_014837776	fepB	iron-enterobactin transporter periplasmic binding protein	92.9	100.0	100.0	0.0	similar to fepB in Klebsiella oxytoca E718
KOXSRR32937950_04660	sequence01:518985..519992	VFDB:VFG048462:WP_014228353	fepD	iron-enterobactin transporter membrane protein	95.0	100.0	100.0	0.0	similar to fepD in Klebsiella oxytoca KCTC 1686
KOXSRR32937950_04690	sequence01:complement(521871..525752)	VFDB:VFG048490:WP_014837772	entF	enterobactin synthase subunit F	92.4	100.0	100.0	0.0	similar to entF in Klebsiella oxytoca E718
KOXSRR32937950_04720	sequence01:527512..529761	VFDB:VFG048511:WP_014228348	fepA	outer membrane receptor FepA	96.8	100.0	100.0	0.0	similar to fepA in Klebsiella oxytoca KCTC 1686
KOXSRR32937950_06340	sequence01:713977..715026	VFDB:VFG049124:WP_012737540	allD	ureidoglycolate dehydrogenase	87.4	100.0	100.0	0.0	similar to allD in Klebsiella pneumoniae subsp. pneumoniae NTUH-K2044
KOXSRR32937950_06460	sequence01:complement(728834..729316)	VFDB:VFG049116:WP_012737528	allA	ureidoglycolate hydrolase	87.4	100.0	100.0	1.62e-157	similar to allA in Klebsiella pneumoniae subsp. pneumoniae NTUH-K2044
KOXSRR32937950_06820	sequence01:768665..771811	VFDB:VFG049137:WP_014228207	acrB	acriflavine resistance protein B	93.2	100.0	100.0	0.0	similar to acrB in Klebsiella oxytoca KCTC 1686
KOXSRR32937950_06820	sequence01:768665..771811	ARO:3000216:AAC73564.1	acrB	resistance-nodulation-cell division (RND) antibiotic efflux pump	82.2	99.9	99.9	0.0	similar to CARD:acrB in Escherichia coli str. K-12 substr. MG1655 (U00096.3)
KOXSRR32937950_04610	sequence01:complement(510922..512532)	VFDB:VFG048422:WP_014228360	entE	enterobactin synthase subunit E	92.9	99.8	100.0	0.0	similar to entE in Klebsiella oxytoca KCTC 1686
KOXSRR32937950_04670	sequence01:519992..520981	VFDB:VFG048471:WP_009653197	fepG	iron-enterobactin transporter permease	92.5	100.0	99.7	0.0	similar to fepG in Klebsiella oxytoca KCTC 1686
KOXSRR32937950_04730	sequence01:529829..530452	VFDB:VFG048520:WP_014837768	entD	enterochelin synthetase component D	90.6	100.0	100.0	0.0	similar to entD in Klebsiella oxytoca E718
KOXSRR32937950_06350	sequence01:715048..716283	VFDB:VFG049122:WP_012737539	allC	allantoate amidohydrolase	89.7	100.0	100.0	0.0	similar to allC in Klebsiella pneumoniae subsp. pneumoniae NTUH-K2044
KOXSRR32937950_06470	sequence01:729528..730451	VFDB:VFG049114:WP_012737527	allS	DNA-binding transcriptional activator AllS	86.4	100.0	100.0	0.0	similar to allS in Klebsiella pneumoniae subsp. pneumoniae NTUH-K2044
KOXSRR32937950_00690	sequence01:70886..71956	VFDB:VFG043544:WP_000750416	ompA	porin OmpA	83.5	100.0	100.0	0.0	similar to ompA in Escherichia coli O157:H7 str. EDL933
KOXSRR32937950_00690	sequence01:70886..71956	ARO:3005044:CDO13836.1	OmpA	General Bacterial Porin with reduced permeability to peptide antibiotics	93.7	100.0	95.2	0.0	similar to CARD:OmpA in Klebsiella pneumoniae (FO834906.1)
KOXSRR32937950_04590	sequence01:complement(509302..510057)	VFDB:VFG048401:WP_014837779	entA	2,3-dihydroxybenzoate-2,3-dehydrogenase	95.1	100.0	100.0	0.0	similar to entA in Klebsiella oxytoca E718
KOXSRR32937950_04620	sequence01:complement(512539..513714)	VFDB:VFG048431:WP_014837777	entC	isochorismate synthase	94.8	100.0	100.0	0.0	similar to entC in Klebsiella oxytoca E718
KOXSRR32937950_04650	sequence01:complement(517631..518872)	VFDB:VFG048452:WP_014228354	entS	enterobactin exporter EntS	94.9	99.6	99.6	0.0	similar to entS in Klebsiella oxytoca KCTC 1686
KOXSRR32937950_04680	sequence01:520978..521772	VFDB:VFG048481:WP_014228352	fepC	iron-enterobactin transporter ATP-binding protein	93.0	100.0	100.0	0.0	similar to fepC in Klebsiella oxytoca KCTC 1686
KOXSRR32937950_04710	sequence01:complement(525994..527193)	VFDB:VFG048500:WP_014837770	fes	enterobactin/ferric enterobactin esterase	91.9	99.9	99.9	0.0	similar to fes in Klebsiella oxytoca E718
KOXSRR32937950_06390	sequence01:complement(719929..721290)	VFDB:VFG049120:WP_012737535	allB	allantoinase	90.1	100.0	100.0	0.0	similar to allB in Klebsiella pneumoniae subsp. pneumoniae NTUH-K2044
KOXSRR32937950_06450	sequence01:complement(727924..728742)	VFDB:VFG049118:WP_012737529	allR	DNA-binding transcriptional repressor AllR	91.0	100.0	100.0	0.0	similar to allR in Klebsiella pneumoniae subsp. pneumoniae NTUH-K2044
KOXSRR32937950_06810	sequence01:767557..768642	VFDB:VFG049126:WP_004136054	acrA	acriflavine resistance protein A	92.1	100.0	91.0	0.0	similar to acrA in Klebsiella oxytoca KCTC 1686
KOXSRR32937950_06810	sequence01:767557..768642	ARO:3004041:CAC41008.1	Klebsiella pneumoniae acrA	resistance-nodulation-cell division (RND) antibiotic efflux pump	82.5	100.0	91.0	0.0	similar to CARD:Klebsiella pneumoniae acrA in Klebsiella pneumoniae (AJ318073.1)
KOXSRR32937950_05200	sequence01:complement(587719..588060)	ARO:3000823:AFK13828.1	ramA	resistance-nodulation-cell division (RND) antibiotic efflux pump	82.8	100.0	91.2	1.27e-83	similar to CARD:ramA in Enterobacter cloacae (JQ727668.1)
KOXSRR32937950_06820	sequence01:768665..771811	VFDB:VFG049137:WP_014228207	acrB	acriflavine resistance protein B	93.2	100.0	100.0	0.0	similar to acrB in Klebsiella oxytoca KCTC 1686
KOXSRR32937950_06820	sequence01:768665..771811	ARO:3000216:AAC73564.1	acrB	resistance-nodulation-cell division (RND) antibiotic efflux pump	82.2	99.9	99.9	0.0	similar to CARD:acrB in Escherichia coli str. K-12 substr. MG1655 (U00096.3)
KOXSRR32937950_05900	sequence01:665078..665950	ARO:3002403:AAL17873.1	OXY-2-8	OXY beta-lactamase	100.0	100.0	100.0	0.0	similar to CARD:OXY-2-8 in Klebsiella oxytoca (AY055205.1)
KOXSRR32937950_00690	sequence01:70886..71956	VFDB:VFG043544:WP_000750416	ompA	porin OmpA	83.5	100.0	100.0	0.0	similar to ompA in Escherichia coli O157:H7 str. EDL933
KOXSRR32937950_00690	sequence01:70886..71956	ARO:3005044:CDO13836.1	OmpA	General Bacterial Porin with reduced permeability to peptide antibiotics	93.7	100.0	95.2	0.0	similar to CARD:OmpA in Klebsiella pneumoniae (FO834906.1)
KOXSRR32937950_06810	sequence01:767557..768642	VFDB:VFG049126:WP_004136054	acrA	acriflavine resistance protein A	92.1	100.0	91.0	0.0	similar to acrA in Klebsiella oxytoca KCTC 1686
KOXSRR32937950_06810	sequence01:767557..768642	ARO:3004041:CAC41008.1	Klebsiella pneumoniae acrA	resistance-nodulation-cell division (RND) antibiotic efflux pump	82.5	100.0	91.0	0.0	similar to CARD:Klebsiella pneumoniae acrA in Klebsiella pneumoniae (AJ318073.1)
KOXSRR32937950_08430	sequence02:28044..29006	VFDB:VFG048531:WP_014229899	iroE	siderophore esterase IroE	85.7	94.0	97.3	0.0	similar to iroE in Klebsiella oxytoca KCTC 1686
KOXSRR32937950_15440	sequence02:complement(760190..760993)	VFDB:VFG003501:WP_011816643	ybtT	type II thioesterase YbtT	86.0	99.9	99.9	0.0	similar to ybtT in Yersinia enterocolitica subsp. enterocolitica 8081
KOXSRR32937950_15470	sequence02:complement(771647..777754)	VFDB:VFG018921:WP_012229554	irp2	yersiniabactin biosynthetic protein Irp2	85.6	100.0	100.0	0.0	similar to irp2 in Yersinia pestis Angola
KOXSRR32937950_15500	sequence02:780850..782652	VFDB:VFG048565:WP_014229380	ybtQ	yersiniabactin ABC transporter ATP-binding/permease protein YbtQ	90.6	97.6	97.6	0.0	similar to ybtQ in Klebsiella oxytoca KCTC 1686
KOXSRR32937950_15420	sequence02:complement(756457..758478)	VFDB:VFG048596:WP_014229387	fyuA	yersiniabactin receptor FyuA	90.3	100.0	100.0	0.0	similar to fyuA in Klebsiella oxytoca KCTC 1686
KOXSRR32937950_15450	sequence02:complement(760990..762087)	VFDB:VFG048584:WP_014229384	ybtU	yersiniabactin biosynthesis oxidoreductase YbtU	89.1	100.0	100.0	0.0	similar to ybtU in Klebsiella oxytoca KCTC 1686
KOXSRR32937950_15480	sequence02:complement(777935..778894)	VFDB:VFG003386:WP_000140406	ybtA	transcriptional regulator YbtA	89.4	100.0	100.0	0.0	similar to ybtA in Yersinia pseudotuberculosis IP 32953
KOXSRR32937950_15510	sequence02:782645..783928	VFDB:VFG048560:WP_014838497	ybtX	yersiniabactin-associated zinc MFS transporter YbtX	84.3	96.7	97.4	0.0	similar to ybtX in Klebsiella oxytoca E718
KOXSRR32937950_08630	sequence02:45079..45879	VFDB:VFG043099:WP_001302033	tcyJ	cystine ABC transporter substrate-binding protein	81.6	100.0	100.0	0.0	similar to tcyJ in Escherichia coli O157:H7 str. EDL933
KOXSRR32937950_15430	sequence02:complement(758609..760186)	VFDB:VFG048592:WP_014229386	ybtE	yersiniabactin biosynthesis salycil-AMP ligase YbtE	86.3	99.2	99.2	0.0	similar to ybtE in Klebsiella oxytoca KCTC 1686
KOXSRR32937950_15460	sequence02:complement(762084..771560)	VFDB:VFG048580:WP_014838502	irp1	yersiniabactin polyketide synthase HMWP1	86.9	100.0	100.0	0.0	similar to irp1 in Klebsiella oxytoca E718
KOXSRR32937950_15490	sequence02:779151..780863	VFDB:VFG048568:WP_014838499	ybtP	yersiniabactin ABC transporter ATP-binding/permease protein YbtP	87.2	100.0	100.0	0.0	similar to ybtP in Klebsiella oxytoca E718
KOXSRR32937950_15520	sequence02:783932..785242	VFDB:VFG048558:WP_014907273	ybtS	yersiniabactin biosynthesis salicylate synthase YbtS	86.0	99.4	99.8	0.0	similar to ybtS in Klebsiella pneumoniae subsp. pneumoniae 1084
KOXSRR32937950_10660	sequence02:complement(273629..274036)	ARO:3000676:BAB35162.1	H-NS	major facilitator superfamily (MFS) antibiotic efflux pump	88.1	98.5	97.1	3.05e-135	similar to CARD:H-NS in Escherichia coli O157:H7 str. Sakai (BA000007.3)
KOXSRR32937950_13180	sequence02:544834..545163	ARO:3004583:BAH63252.1	Klebsiella pneumoniae KpnF	small multidrug resistance (SMR) antibiotic efflux pump	86.1	100.0	100.0	1.2e-98	similar to CARD:Klebsiella pneumoniae KpnF in Klebsiella pneumoniae subsp. pneumoniae NTUH-K2044 (AP006725.1)
KOXSRR32937950_18890	sequence03:370816..372471	ARO:3005053:CDO12042.1	ArnT	pmr phosphoethanolamine transferase	83.0	100.0	100.0	0.0	similar to CARD:ArnT in Klebsiella pneumoniae (FO834906.1)
KOXSRR32937950_18120	sequence03:269711..271399	ARO:3005047:CCI79240.1	eptB	pmr phosphoethanolamine transferase	83.0	98.1	96.2	0.0	similar to CARD:eptB in Klebsiella pneumoniae subsp. rhinoscleromatis SB3432 (FO203501.1)
KOXSRR32937950_19830	sequence03:complement(479279..479911)	ARO:3000518:BAE77933.1	CRP	resistance-nodulation-cell division (RND) antibiotic efflux pump	86.9	100.0	100.0	0.0	similar to CARD:CRP in Escherichia coli str. K-12 substr. W3110 (AP009048.1)
KOXSRR32937950_21110	sequence04:76047..76412	VFDB:VFG040965:WP_004894160	gspI	type II secretion system minor pseudopilin GspI	81.5	100.0	100.0	2.9e-79	similar to gspI in Klebsiella pneumoniae 342
KOXSRR32937950_21060	sequence04:70419..72401	VFDB:VFG040960:WP_162493344	gspD	GspD family T2SS secretin variant PulD	85.7	97.6	98.1	0.0	similar to gspD in Klebsiella pneumoniae 342
KOXSRR32937950_21070	sequence04:72398..73891	VFDB:VFG040961:WP_012542822	gspE	type II secretion system ATPase GspE	82.3	98.7	98.7	0.0	similar to gspE in Klebsiella pneumoniae 342
KOXSRR32937950_21880	sequence04:complement(158600..159550)	ARO:3003843:VWQ00850.1	leuO	major facilitator superfamily (MFS) antibiotic efflux pump	75.3	91.7	92.3	2.71e-114	similar to CARD:leuO in Escherichia coli (LR730402.1)
KOXSRR32937950_22180	sequence04:198029..200395	ARO:3005059:AIA35096.1	LptD	ATP-binding cassette (ABC) antibiotic efflux pump	85.5	99.0	100.0	0.0	similar to CARD:LptD in Klebsiella pneumoniae subsp. pneumoniae KPNIH10 (CP007727.1)
KOXSRR32937950_24100	sequence04:complement(414643..415086)	ARO:3003209:AJE60855.1	fosA5	fosfomycin thiol transferase	80.9	92.8	98.1	4.6e-89	similar to CARD:fosA5 in Escherichia coli (KP143090.1)
KOXSRR32937950_24500	sequence05:complement(12710..13240)	VFDB:VFG048251:WP_014838896	fimI	type 1 pilus biosynthesis fimbrial protein	86.9	100.0	98.3	3.78e-169	similar to fimI in Klebsiella oxytoca KCTC 1686
KOXSRR32937950_24620	sequence05:22637..23338	VFDB:VFG048382:WP_000820820	mrkB	fimbrial chaperone protein mrkB precursor	94.2	100.0	100.0	0.0	similar to mrkB in Klebsiella oxytoca KCTC 1686
KOXSRR32937950_24650	sequence05:26837..27487	VFDB:VFG048352:WP_014226696	mrkF	type 3 fimbrial minor pilin subunit MrkF	86.9	100.0	100.0	0.0	similar to mrkF in Klebsiella oxytoca KCTC 1686
KOXSRR32937950_24680	sequence05:complement(28991..29692)	VFDB:VFG048321:WP_014226694	mrkH	transcriptional activator	91.6	100.0	100.0	0.0	similar to mrkH in Klebsiella oxytoca KCTC 1686
KOXSRR32937950_24510	sequence05:complement(13322..13867)	VFDB:VFG048241:WP_014229989	fimA	type 1 major fimbrial subunit precursor	86.6	95.1	96.1	5.07e-163	similar to fimA in Klebsiella oxytoca KCTC 1686
KOXSRR32937950_24630	sequence05:23350..25836	VFDB:VFG048372:WP_014226698	mrkC	fimbrial biogenesis outer membrane usher protein mrkC precursor	93.2	100.0	100.0	0.0	similar to mrkC in Klebsiella oxytoca KCTC 1686
KOXSRR32937950_24660	sequence05:complement(27545..28261)	VFDB:VFG048343:WP_012540634	mrkJ	phosphodiesterase	76.0	92.6	92.6	3.46e-91	similar to mrkJ in Klebsiella pneumoniae 342
KOXSRR32937950_24490	sequence05:complement(11949..12674)	VFDB:VFG048261:WP_170927896	fimC	periplasmic chaperone	85.7	92.4	98.1	0.0	similar to fimC in Klebsiella oxytoca KCTC 1686
KOXSRR32937950_24610	sequence05:21739..22347	VFDB:VFG048391:WP_014839453	mrkA	type 3 fimbrial major pilin subunit MrkA	93.8	100.0	100.0	0.0	similar to mrkA in Klebsiella oxytoca E718
KOXSRR32937950_24640	sequence05:25827..26822	VFDB:VFG048362:WP_004124708	mrkD	fimbrial adhesin protein precursor MrkD	90.0	100.0	100.0	0.0	similar to mrkD in Klebsiella oxytoca KCTC 1686
KOXSRR32937950_28180	sequence05:393342..395915	VFDB:VFG049190:WP_014226431	clpV	ATP-dependent chaperone ClpB	92.0	100.0	100.0	0.0	similar to clpV in Klebsiella oxytoca KCTC 1686
KOXSRR32937950_27300	sequence05:complement(310927..312465)	ARO:3004597:EOU56998.1	Klebsiella pneumoniae KpnH	major facilitator superfamily (MFS) antibiotic efflux pump	84.7	100.0	100.0	0.0	similar to CARD:Klebsiella pneumoniae KpnH in Escherichia coli KTE14 (ASTU01000063.1)
KOXSRR32937950_27310	sequence05:complement(312481..313653)	ARO:3004588:EHL92831.1	Klebsiella pneumoniae KpnG	major facilitator superfamily (MFS) antibiotic efflux pump	88.3	100.0	100.0	0.0	similar to CARD:Klebsiella pneumoniae KpnG in Klebsiella sp. 4_1_44FAA (ACWO01000051.1)
KOXSRR32937950_31310	sequence06:complement(340292..340942)	VFDB:VFG049010:WP_004103995	rcsB	transcriptional regulator RcsB	95.4	100.0	100.0	0.0	similar to rcsB in Klebsiella oxytoca E718
KOXSRR32937950_31440	sequence06:358236..360725	VFDB:VFG049176:WP_014838274	vgrG	type VI secretion system tip protein VgrG	88.6	92.7	92.5	0.0	similar to vgrG in Klebsiella oxytoca E718
KOXSRR32937950_29440	sequence06:complement(137658..140771)	ARO:3000491:BAA16344.1	acrD	resistance-nodulation-cell division (RND) antibiotic efflux pump	81.3	99.5	99.5	0.0	similar to CARD:acrD in Escherichia coli str. K-12 substr. W3110 (AP009048.1)
KOXSRR32937950_34790	sequence07:342574..345684	VFDB:VFG049146:WP_012968813	acrB	acriflavine resistance protein B	73.7	99.5	98.4	0.0	similar to acrB in Klebsiella variicola At-22
KOXSRR32937950_32630	sequence07:complement(116700..117521)	ARO:3002986:AAC76093.1	bacA	undecaprenyl pyrophosphate related proteins	81.2	100.0	100.0	0.0	similar to CARD:bacA in Escherichia coli str. K-12 substr. MG1655 (U00096.3)
KOXSRR32937950_35470	sequence08:71588..73849	VFDB:VFG048519:WP_012968731	fepA	outer membrane receptor FepA	76.9	94.0	95.0	0.0	similar to fepA in Klebsiella variicola At-22
KOXSRR32937950_40600	sequence09:276314..279046	VFDB:VFG018402:WP_000131305	mgtB	Mg2+ transport protein	80.3	99.9	99.9	0.0	similar to mgtB in Salmonella enterica subsp. arizonae serovar 62:z4,z23:-- str. RSK2980
KOXSRR32937950_38010	sequence09:716..2476	VFDB:VFG049170:WP_014838279	vasA/impG	type VI secretion system baseplate subunit TssF	91.4	99.9	99.9	0.0	similar to vasA/impG in Klebsiella oxytoca E718
KOXSRR32937950_38470	sequence09:complement(45910..47016)	ARO:3004122:CAA09666.1	Klebsiella pneumoniae OmpK37	General Bacterial Porin with reduced permeability to beta-lactams	80.9	99.8	99.8	0.0	similar to CARD:Klebsiella pneumoniae OmpK37 in Klebsiella pneumoniae (AJ011502.1)
KOXSRR32937950_38660	sequence09:66340..69492	ARO:3003923:AAP43110.2	oqxB	resistance-nodulation-cell division (RND) antibiotic efflux pump	88.7	98.4	98.4	0.0	similar to CARD:oqxB in Escherichia coli (EU370913.1)
KOXSRR32937950_41150	sequence10:complement(10307..12013)	VFDB:VFG049179:WP_042934081	ompA	OmpA family protein	84.5	96.8	97.9	0.0	similar to ompA in Klebsiella oxytoca E718
KOXSRR32937950_41160	sequence10:complement(12010..12675)	VFDB:VFG049183:WP_014838268	dotU	type VI secretion system protein TssL, short form	88.2	100.0	100.0	0.0	similar to dotU in Klebsiella oxytoca E718
KOXSRR32937950_41820	sequence10:82693..84876	VFDB:VFG048540:WP_014228993	iroN	salmochelin receptor IroN	91.0	100.0	100.0	0.0	similar to iroN in Klebsiella oxytoca KCTC 1686
KOXSRR32937950_43070	sequence11:1680..3218	VFDB:VFG035114:WP_001296335	ECNA114_RS14755	type VI secretion system contractile sheath large subunit	79.0	95.3	95.3	0.0	similar to ECNA114_RS14755 in Escherichia coli NA114
KOXSRR32937950_43110	sequence11:7057..8661	VFDB:VFG035256:WP_001299981	tssA	type VI secretion system protein TssA	79.6	100.0	100.0	0.0	similar to tssA in Escherichia coli O103:H2 str. 12009
KOXSRR32937950_43090	sequence11:3578..4069	VFDB:VFG035173:WP_000997067	ECO103_RS17720	Hcp family type VI secretion system effector	85.2	100.0	100.0	1.69e-142	similar to ECO103_RS17720 in Escherichia coli O103:H2 str. 12009
KOXSRR32937950_44050	sequence11:113210..115738	VFDB:VFG034474:WP_001131069	yagX/ecpC	E. coli common pilus usher EcpC	79.5	99.2	99.2	0.0	similar to yagX/ecpC in Escherichia coli O17:K52:H18 str. UMN026
KOXSRR32937950_46390	sequence12:178446..179294	VFDB:VFG048974:WP_016946203	galF	UTP--glucose-1-phosphate uridylyltransferase GalF	89.4	99.9	94.5	0.0	similar to galF in Klebsiella oxytoca E718
KOXSRR32937950_46420	sequence12:182900..184036	VFDB:VFG048944:WP_014230070	KOX_RS25035	polysaccharide export protein	80.9	98.9	98.9	0.0	similar to KOX_RS25035 in Klebsiella oxytoca KCTC 1686
KOXSRR32937950_46540	sequence12:198336..199742	VFDB:VFG048845:WP_004122486	gndA	NADP-dependent phosphogluconate dehydrogenase	91.0	99.4	99.4	0.0	similar to gndA in Klebsiella oxytoca KCTC 1686
KOXSRR32937950_46400	sequence12:179754..180383	VFDB:VFG048965:WP_014838959	A225_RS19110	phosphatase PAP2 family protein	88.9	100.0	100.0	0.0	similar to A225_RS19110 in Klebsiella oxytoca E718
KOXSRR32937950_46410	sequence12:181387..182826	VFDB:VFG048955:WP_014230071	KOX_RS25040	capsule assembly Wzi family protein	88.5	100.0	100.0	0.0	similar to KOX_RS25040 in Klebsiella oxytoca KCTC 1686
KOXSRR32937950_46180	sequence12:complement(149541..152618)	ARO:3000794:AAC75137.1	mdtC	resistance-nodulation-cell division (RND) antibiotic efflux pump	82.3	99.2	99.2	0.0	similar to CARD:mdtC in Escherichia coli str. K-12 substr. MG1655 (U00096.1)
KOXSRR32937950_45560	sequence12:65638..67077	ARO:3007682:WMY66391.1	MdtQ	Outer Membrane Porin (Opr)	81.5	98.7	98.7	0.0	similar to CARD:MdtQ in Klebsiella pneumoniae (CP133868.1)
KOXSRR32937950_46190	sequence12:complement(152619..155741)	ARO:3000793:AAC75136.1	mdtB	resistance-nodulation-cell division (RND) antibiotic efflux pump	81.0	100.0	100.0	0.0	similar to CARD:mdtB in Escherichia coli str. K-12 substr. MG1655 (U00096.1)
KOXSRR32937950_47950	sequence13:complement(142560..144737)	VFDB:VFG048611:WP_014228851	iutA	ferric aerobactin receptor IutA	90.4	100.0	100.0	0.0	similar to iutA in Klebsiella oxytoca E718
KOXSRR32937950_48680	sequence14:51082..51795	VFDB:VFG048261:WP_170927896	fimC	periplasmic chaperone	87.7	94.3	98.4	0.0	similar to fimC in Klebsiella oxytoca KCTC 1686
KOXSRR32937950_49130	sequence14:complement(99464..100609)	VFDB:VFG049090:WP_012541099	KPK_RS08090	glycosyltransferase family 4 protein	82.6	100.0	100.0	0.0	similar to KPK_RS08090 in Klebsiella pneumoniae 342
KOXSRR32937950_49160	sequence14:complement(105266..106558)	VFDB:VFG049059:WP_020956643	N559_RS09095	O9 family O-antigen export ABC transporter ATP-binding subunit	81.2	100.0	100.0	0.0	similar to N559_RS09095 in Klebsiella pneumoniae JM45
KOXSRR32937950_48660	sequence14:49881..50423	VFDB:VFG048241:WP_014229989	fimA	type 1 major fimbrial subunit precursor	87.3	100.0	100.0	1.78e-177	similar to fimA in Klebsiella oxytoca KCTC 1686
KOXSRR32937950_48690	sequence14:51867..54494	VFDB:VFG048270:WP_042934124	fimD	outer membrane usher protein 	92.4	100.0	100.0	0.0	similar to fimD in Klebsiella oxytoca E718
KOXSRR32937950_48720	sequence14:55566..56471	VFDB:VFG048300:WP_014229995	fimH	type 1 fimbrial adhesin precursor	90.6	100.0	100.0	0.0	similar to fimH in Klebsiella oxytoca E718
KOXSRR32937950_49140	sequence14:complement(100656..103178)	VFDB:VFG049081:WP_032419838	N559_RS09105	glycosyltransferase family 4 protein	88.5	98.2	98.2	0.0	similar to N559_RS09105 in Klebsiella pneumoniae JM45
KOXSRR32937950_48670	sequence14:50505..51035	VFDB:VFG048251:WP_014838896	fimI	type 1 pilus biosynthesis fimbrial protein	89.5	100.0	98.3	0.0	similar to fimI in Klebsiella oxytoca KCTC 1686
KOXSRR32937950_48700	sequence14:54505..55035	VFDB:VFG048281:WP_014229993	fimF	type 1 fimbrial minor component	90.5	99.4	100.0	0.0	similar to fimF in Klebsiella oxytoca KCTC 1686
KOXSRR32937950_48730	sequence14:56458..57915	VFDB:VFG048310:WP_179294850	fimK	transcriptional regulator	83.2	97.3	92.3	0.0	similar to fimK in Klebsiella oxytoca E718
KOXSRR32937950_49150	sequence14:complement(103189..105246)	VFDB:VFG049070:WP_032413432	N559_RS09100	methyltransferase domain-containing protein	91.7	100.0	100.0	0.0	similar to N559_RS09100 in Klebsiella pneumoniae JM45
KOXSRR32937950_49180	sequence14:complement(107352..108734)	VFDB:VFG049042:WP_012967600	rfbK2	O9 family phosphomannomutase RfbK2	87.8	100.0	100.0	0.0	similar to rfbK2 in Klebsiella variicola At-22
## sequence20 PlasmidFinder: IncFII(K), Description: Possibly derived from Enterobacteriales IncFII(K) type plasmid., HitInfo: Similar to CP000648, sequence20:2220..2367, identity:97.3%, aligned:148/148
## sequence22 PlasmidFinder: IncFIB(K), Description: Possibly derived from Enterobacteriales IncFIB(K) type plasmid., HitInfo: Similar to JN233704, sequence22:19104..19663, identity:99.11%, aligned:560/560
KOXSRR32937950_53930	sequence26:complement(3692..4858)	VFDB:VFG048790:WP_014230056	ugd	UDP-glucose 6-dehydrogenase	91.2	100.0	100.0	0.0	similar to ugd in Klebsiella oxytoca KCTC 1686
KOXSRR32937950_53920	sequence26:1540..2544	VFDB:VFG049099:WP_014230054	KOX_RS24955	NAD-dependent epimerase	87.7	99.9	99.9	0.0	similar to KOX_RS24955 in Klebsiella oxytoca KCTC 1686
## sequence29 PlasmidFinder: Col440I, Description: Possibly derived from Enterobacteriales Col440I type plasmid., HitInfo: Similar to CP023920, sequence29:553..662, identity:94.55%, aligned:110/114
