{
    "tc_result": [
        {
            "organism_name": "Klebsiella oxytoca",
            "strain": "strain=DSM 5175",
            "accession": "GCA_020115535.1",
            "taxid": 571,
            "species_taxid": 571,
            "relation_to_type": "type",
            "validated": true,
            "ani": 99.32,
            "align_fraction_ref": 94.51,
            "align_fraction_query": 92.78,
            "ani_threshold": 95,
            "status": "conclusive"
        },
        {
            "organism_name": "Klebsiella oxytoca",
            "strain": "strain=NBRC 105695",
            "accession": "GCA_001598695.1",
            "taxid": 571,
            "species_taxid": 571,
            "relation_to_type": "type",
            "validated": true,
            "ani": 99.23,
            "align_fraction_ref": 94.2,
            "align_fraction_query": 93.0,
            "ani_threshold": 95,
            "status": "conclusive"
        },
        {
            "organism_name": "Klebsiella oxytoca",
            "strain": "strain=NCTC13727",
            "accession": "GCA_900636985.1",
            "taxid": 571,
            "species_taxid": 571,
            "relation_to_type": "type",
            "validated": true,
            "ani": 99.23,
            "align_fraction_ref": 93.38,
            "align_fraction_query": 93.22,
            "ani_threshold": 95,
            "status": "conclusive"
        },
        {
            "organism_name": "Klebsiella michiganensis",
            "strain": "strain=CCUG 66515",
            "accession": "GCA_009173485.1",
            "taxid": 1134687,
            "species_taxid": 1134687,
            "relation_to_type": "type",
            "validated": true,
            "ani": 92.61,
            "align_fraction_ref": 73.06,
            "align_fraction_query": 75.94,
            "ani_threshold": 95,
            "status": "below_threshold"
        },
        {
            "organism_name": "Klebsiella michiganensis",
            "strain": "strain=DSM 25444",
            "accession": "GCA_002925905.1",
            "taxid": 1134687,
            "species_taxid": 1134687,
            "relation_to_type": "type",
            "validated": true,
            "ani": 92.55,
            "align_fraction_ref": 72.1,
            "align_fraction_query": 76.1,
            "ani_threshold": 95,
            "status": "below_threshold"
        },
        {
            "organism_name": "Klebsiella grimontii",
            "strain": "strain=06D021",
            "accession": "GCA_900200035.1",
            "taxid": 2058152,
            "species_taxid": 2058152,
            "relation_to_type": "type",
            "validated": true,
            "ani": 91.78,
            "align_fraction_ref": 70.73,
            "align_fraction_query": 74.36,
            "ani_threshold": 95,
            "status": "below_threshold"
        },
        {
            "organism_name": "Klebsiella pasteurii",
            "strain": "na",
            "accession": "GCA_902158725.1",
            "taxid": 2587529,
            "species_taxid": 2587529,
            "relation_to_type": "type",
            "validated": true,
            "ani": 91.31,
            "align_fraction_ref": 71.47,
            "align_fraction_query": 73.13,
            "ani_threshold": 95,
            "status": "below_threshold"
        },
        {
            "organism_name": "Klebsiella spallanzanii",
            "strain": "na",
            "accession": "GCA_902158555.1",
            "taxid": 2587528,
            "species_taxid": 2587528,
            "relation_to_type": "type",
            "validated": true,
            "ani": 88.98,
            "align_fraction_ref": 53.99,
            "align_fraction_query": 56.87,
            "ani_threshold": 95,
            "status": "below_threshold"
        },
        {
            "organism_name": "Klebsiella huaxiensis",
            "strain": "strain=WCHKl090001",
            "accession": "GCA_003261575.2",
            "taxid": 2153354,
            "species_taxid": 2153354,
            "relation_to_type": "type",
            "validated": true,
            "ani": 88.01,
            "align_fraction_ref": 47.23,
            "align_fraction_query": 50.71,
            "ani_threshold": 95,
            "status": "below_threshold"
        },
        {
            "organism_name": "Klebsiella indica",
            "strain": "strain=TOUT106",
            "accession": "GCA_005860775.1",
            "taxid": 2582917,
            "species_taxid": 2582917,
            "relation_to_type": "type",
            "validated": true,
            "ani": 85.72,
            "align_fraction_ref": 34.56,
            "align_fraction_query": 30.89,
            "ani_threshold": 95,
            "status": "below_threshold"
        }
    ],
    "cc_result": {
        "completeness": 99.54,
        "contamination": 1.05,
        "strain_heterogeneity": 33.33,
        "ungapped_genome_size": 5881727,
        "expected_size": 5850000,
        "expected_size_min": 4500000,
        "expected_size_max": 7200000,
        "genome_size_check": "OK"
    },
    "gtdb_result": [
        {
            "accession": "GCF_001598695.1",
            "gtdb_species": "s__Klebsiella oxytoca",
            "ani": 99.23,
            "align_fraction_ref": 94.2,
            "align_fraction_query": 93.0,
            "gtdb_taxonomy": "d__Bacteria;p__Pseudomonadota;c__Gammaproteobacteria;o__Enterobacterales;f__Enterobacteriaceae;g__Klebsiella",
            "ani_circumscription_radius": 95.0,
            "mean_intra_species_ani": "99.23",
            "min_intra_species_ani": "98.92",
            "mean_intra_species_af": "93.72",
            "min_intra_species_af": "88.91",
            "num_clustered_genomes": 404,
            "status": "conclusive"
        },
        {
            "accession": "GCF_002925905.1",
            "gtdb_species": "s__Klebsiella michiganensis",
            "ani": 92.55,
            "align_fraction_ref": 72.1,
            "align_fraction_query": 76.1,
            "gtdb_taxonomy": "d__Bacteria;p__Pseudomonadota;c__Gammaproteobacteria;o__Enterobacterales;f__Enterobacteriaceae;g__Klebsiella",
            "ani_circumscription_radius": 95.0,
            "mean_intra_species_ani": "98.52",
            "min_intra_species_ani": "97.15",
            "mean_intra_species_af": "88.61",
            "min_intra_species_af": "82.25",
            "num_clustered_genomes": 563,
            "status": "below_threshold"
        },
        {
            "accession": "GCF_900200035.1",
            "gtdb_species": "s__Klebsiella grimontii",
            "ani": 91.78,
            "align_fraction_ref": 70.73,
            "align_fraction_query": 74.36,
            "gtdb_taxonomy": "d__Bacteria;p__Pseudomonadota;c__Gammaproteobacteria;o__Enterobacterales;f__Enterobacteriaceae;g__Klebsiella",
            "ani_circumscription_radius": 95.0,
            "mean_intra_species_ani": "98.51",
            "min_intra_species_ani": "95.18",
            "mean_intra_species_af": "88.34",
            "min_intra_species_af": "80.41",
            "num_clustered_genomes": 290,
            "status": "below_threshold"
        },
        {
            "accession": "GCF_009707385.1",
            "gtdb_species": "s__Klebsiella oxytoca_C",
            "ani": 89.83,
            "align_fraction_ref": 67.22,
            "align_fraction_query": 61.8,
            "gtdb_taxonomy": "d__Bacteria;p__Pseudomonadota;c__Gammaproteobacteria;o__Enterobacterales;f__Enterobacteriaceae;g__Klebsiella",
            "ani_circumscription_radius": 95.0,
            "mean_intra_species_ani": "N/A",
            "min_intra_species_ani": "N/A",
            "mean_intra_species_af": "N/A",
            "min_intra_species_af": "N/A",
            "num_clustered_genomes": 1,
            "status": "below_threshold"
        },
        {
            "accession": "GCF_902158555.1",
            "gtdb_species": "s__Klebsiella spallanzanii",
            "ani": 88.98,
            "align_fraction_ref": 53.99,
            "align_fraction_query": 56.87,
            "gtdb_taxonomy": "d__Bacteria;p__Pseudomonadota;c__Gammaproteobacteria;o__Enterobacterales;f__Enterobacteriaceae;g__Klebsiella",
            "ani_circumscription_radius": 95.0,
            "mean_intra_species_ani": "98.92",
            "min_intra_species_ani": "98.00",
            "mean_intra_species_af": "90.01",
            "min_intra_species_af": "84.94",
            "num_clustered_genomes": 5,
            "status": "below_threshold"
        },
        {
            "accession": "GCF_003261575.2",
            "gtdb_species": "s__Klebsiella huaxiensis",
            "ani": 88.01,
            "align_fraction_ref": 47.23,
            "align_fraction_query": 50.71,
            "gtdb_taxonomy": "d__Bacteria;p__Pseudomonadota;c__Gammaproteobacteria;o__Enterobacterales;f__Enterobacteriaceae;g__Klebsiella",
            "ani_circumscription_radius": 95.0,
            "mean_intra_species_ani": "98.81",
            "min_intra_species_ani": "95.38",
            "mean_intra_species_af": "92.42",
            "min_intra_species_af": "86.00",
            "num_clustered_genomes": 7,
            "status": "below_threshold"
        },
        {
            "accession": "GCA_013705725.1",
            "gtdb_species": "s__Klebsiella sp013705725",
            "ani": 87.61,
            "align_fraction_ref": 42.33,
            "align_fraction_query": 50.02,
            "gtdb_taxonomy": "d__Bacteria;p__Pseudomonadota;c__Gammaproteobacteria;o__Enterobacterales;f__Enterobacteriaceae;g__Klebsiella",
            "ani_circumscription_radius": 95.0,
            "mean_intra_species_ani": "98.29",
            "min_intra_species_ani": "96.86",
            "mean_intra_species_af": "89.40",
            "min_intra_species_af": "81.73",
            "num_clustered_genomes": 5,
            "status": "below_threshold"
        },
        {
            "accession": "GCF_005860775.1",
            "gtdb_species": "s__Klebsiella indica",
            "ani": 85.72,
            "align_fraction_ref": 34.56,
            "align_fraction_query": 30.89,
            "gtdb_taxonomy": "d__Bacteria;p__Pseudomonadota;c__Gammaproteobacteria;o__Enterobacterales;f__Enterobacteriaceae;g__Klebsiella",
            "ani_circumscription_radius": 95.0,
            "mean_intra_species_ani": "99.18",
            "min_intra_species_ani": "99.13",
            "mean_intra_species_af": "89.88",
            "min_intra_species_af": "89.53",
            "num_clustered_genomes": 3,
            "status": "below_threshold"
        },
        {
            "accession": "GCF_020525925.1",
            "gtdb_species": "s__Klebsiella quasipneumoniae",
            "ani": 84.56,
            "align_fraction_ref": 28.29,
            "align_fraction_query": 26.55,
            "gtdb_taxonomy": "d__Bacteria;p__Pseudomonadota;c__Gammaproteobacteria;o__Enterobacterales;f__Enterobacteriaceae;g__Klebsiella",
            "ani_circumscription_radius": 95.0,
            "mean_intra_species_ani": "97.26",
            "min_intra_species_ani": "95.45",
            "mean_intra_species_af": "88.57",
            "min_intra_species_af": "79.64",
            "num_clustered_genomes": 1085,
            "status": "below_threshold"
        },
        {
            "accession": "GCF_002269255.1",
            "gtdb_species": "s__Klebsiella quasivariicola",
            "ani": 84.1,
            "align_fraction_ref": 25.29,
            "align_fraction_query": 25.63,
            "gtdb_taxonomy": "d__Bacteria;p__Pseudomonadota;c__Gammaproteobacteria;o__Enterobacterales;f__Enterobacteriaceae;g__Klebsiella",
            "ani_circumscription_radius": 95.0,
            "mean_intra_species_ani": "98.87",
            "min_intra_species_ani": "98.13",
            "mean_intra_species_af": "88.59",
            "min_intra_species_af": "85.15",
            "num_clustered_genomes": 34,
            "status": "below_threshold"
        }
    ]
}