# locus_id	locus_tag	location	classification	internal_stop	indel	ref_id	description	query_cov	ref_cov	identity
MGA_26	KOXSRR32937950_00260	sequence01:23907..25361(+)	partial			WP_106726897.1	Ti-type conjugative transfer relaxase TraA	36.6	18.0	39.2
MGA_27	KOXSRR32937950_00270	sequence01:25581..26339(+)	partial			WP_163911759.1	toll/interleukin-1 receptor domain-containing protein	52.4	27.7	48.5
MGA_40	KOXSRR32937950_00400	sequence01:36627..37556(+)	partial			WP_157860177.1	retron St85 family RNA-directed DNA polymerase	86.4	48.0	37.5
MGA_59	KOXSRR32937950_00590	sequence01:56698..62517(-)	partial			WP_001237656.1	Ig-like domain repeat protein	49.8	25.0	29.1
MGA_66	KOXSRR32937950_00660	sequence01:68938..69165(-)	partial			WP_047064077.1	TfoX/Sxy family DNA transformation protein	100.0	36.2	56.0
MGA_68	KOXSRR32937950_00680	sequence01:70152..70532(+)	partial			WP_015367430.1	cell division inhibitor SulA	100.0	74.6	84.9
MGA_301	KOXSRR32937950_03000	sequence01:337085..338407(-)	partial			WP_202694179.1	cell envelope integrity protein TolA	29.8	31.0	77.1
MGA_320	KOXSRR32937950_03190	sequence01:357347..358039(-)	partial			WP_000622328.1	regulatory protein PocR	49.1	37.2	53.1
MGA_326	KOXSRR32937950_03250	sequence01:362751..364094(+)	partial			WP_014207989.1	bile acid:sodium symporter family protein	38.5	52.9	39.0
MGA_327	KOXSRR32937950_03260	sequence01:364100..364519(+)	partial			WP_097137372.1	heme-binding protein	72.7	70.5	32.7
MGA_368	KOXSRR32937950_03660	sequence01:408202..408711(+)	internal_stop_codon	408709..408711(+)		WP_015704754.1	esterase	100.0	65.8	85.2
MGA_369	KOXSRR32937950_03670	sequence01:408730..408975(+)	internal_stop_codon	408709..408711(+)		WP_013097562.1	esterase	98.8	31.1	86.2
MGA_539	KOXSRR32937950_05370	sequence01:605111..605422(+)	partial			WP_011087887.1	NUDIX domain-containing protein	96.1	74.2	51.5
MGA_572	KOXSRR32937950_05700	sequence01:644056..644607(-)	frameshift		644561	WP_013533388.1	HipA domain-containing protein	90.7	38.6	63.3
MGA_573	KOXSRR32937950_05710	sequence01:644553..645347(-)	frameshift		644570	WP_235044888.1	type II toxin-antitoxin system HipA family toxin	97.3	59.9	62.3
MGA_584	KOXSRR32937950_05820	sequence01:656015..656500(+)	partial			WP_004543544.1	L-2-amino-thiazoline-4-carboxylic acid hydrolase	92.5	34.9	64.4
MGA_613	KOXSRR32937950_06110	sequence01:688885..689658(-)	partial			WP_000442141.1	winged helix-turn-helix domain-containing protein	61.1	68.9	34.9
MGA_618	KOXSRR32937950_06160	sequence01:694133..696307(+)	partial			WP_013530272.1	sugar ABC transporter substrate-binding protein	48.5	81.7	26.1
MGA_709	KOXSRR32937950_07070	sequence01:795379..795657(+)	frameshift		795637,795367	WP_059444409.1	hypothetical protein	94.6	65.9	66.7
MGA_726	KOXSRR32937950_07240	sequence01:812938..813189(-)	partial			WP_047081000.1	helix-hairpin-helix domain-containing protein	100.0	68.6	75.9
MGA_761	KOXSRR32937950_07590	sequence01:853759..853944(-)	partial			WP_143830333.1	beta-ketoacyl-[acyl-carrier-protein] synthase family protein	100.0	7.2	68.9
MGA_763	KOXSRR32937950_07610	sequence01:855038..855241(+)	partial			WP_011837539.1	sugar O-acetyltransferase	91.0	33.5	73.8
MGA_764	KOXSRR32937950_07620	sequence01:855437..855748(+)	frameshift		855718	WP_000749934.1	carbohydrate porin	85.4	19.6	61.5
MGA_765	KOXSRR32937950_07630	sequence01:855787..856719(+)	frameshift		855718	WP_000749934.1	carbohydrate porin	100.0	67.2	79.8
MGA_797	KOXSRR32937950_07950	sequence01:890295..890666(-)	partial			WP_000702307.1	YiiX family permuted papain-like enzyme	61.8	37.6	75.0
MGA_801	KOXSRR32937950_07990	sequence01:894884..895204(-)	frameshift		894916	WP_001309893.1	hypothetical protein	90.6	25.5	59.4
MGA_803	KOXSRR32937950_08010	sequence01:896085..896579(+)	partial			WP_000865256.1	bifunctional UDP-sugar hydrolase/5'-nucleotidase	98.2	31.1	88.8
MGA_812	KOXSRR32937950_08100	sequence01:904198..904605(-)	partial			WP_003101589.1	DUF1090 domain-containing protein	76.3	74.1	45.6
MGA_912	KOXSRR32937950_09090	sequence02:90164..90844(+)	partial			WP_015705954.1	zinc ABC transporter substrate-binding protein ZnuA	100.0	72.0	88.5
MGA_921	KOXSRR32937950_09180	sequence02:101699..102061(+)	partial			WP_015705951.1	YebG family protein	64.2	64.7	88.3
MGA_1024	KOXSRR32937950_10200	sequence02:217572..218405(+)	partial			WP_015366906.1	selenium-dependent molybdenum cofactor biosynthesis protein YqeB	98.2	50.3	76.1
MGA_1064	KOXSRR32937950_10600	sequence02:268394..268561(+)	frameshift,internal_stop_codon	268381..268383(+)	268227	WP_000260154.1	protein YchS	83.6	50.5	67.4
MGA_1132	KOXSRR32937950_11270	sequence02:339602..340408(-)	internal_stop_codon	340430..340432(-),340415..340417(-)		WP_001303819.1	DNA-binding transcriptional regulator	98.9	84.1	75.1
MGA_1183	KOXSRR32937950_11780	sequence02:398466..398705(+)	frameshift		398916	WP_011816587.1	D-cysteine desulfhydrase	96.2	24.2	51.2
MGA_1184	KOXSRR32937950_11790	sequence02:398650..399069(+)	partial			WP_013096021.1	D-cysteine desulfhydrase	65.5	27.7	60.4
MGA_1185	KOXSRR32937950_11800	sequence02:398970..399170(+)	frameshift		398925	WP_001128248.1	D-cysteine desulfhydrase	100.0	20.1	74.2
MGA_1210	KOXSRR32937950_12050	sequence02:424607..426004(-)	partial			WP_011860826.1	PTS transporter subunit IIBCA	97.8	73.6	56.1
MGA_1339	KOXSRR32937950_13340	sequence02:561082..562332(-)	internal_stop_codon	562387..562389(-)		WP_015705294.1	DmsA/YnfE/YnfF family dimethyl sulfoxide reductase	100.0	51.3	93.0
MGA_1340	KOXSRR32937950_13350	sequence02:562387..563517(-)	internal_stop_codon	562387..562389(-)		WP_015705294.1	DmsA/YnfE/YnfF family dimethyl sulfoxide reductase	100.0	46.4	90.2
MGA_1362	KOXSRR32937950_13570	sequence02:582785..583024(+)	partial			WP_000394197.1	translesion error-prone DNA polymerase V autoproteolytic subunit	97.5	55.4	77.9
MGA_1428	KOXSRR32937950_14230	sequence02:643960..644922(+)	frameshift		644832	WP_011817191.1	TolC family protein	83.1	61.6	57.9
MGA_1429	KOXSRR32937950_14240	sequence02:644931..645206(+)	frameshift		644832	WP_011817191.1	TolC family protein	96.7	20.4	45.5
MGA_1456	KOXSRR32937950_14510	sequence02:670854..671219(+)	frameshift		671210	WP_002674233.1	L-2-amino-thiazoline-4-carboxylic acid hydrolase	80.2	57.4	32.0
MGA_1502	KOXSRR32937950_14970	sequence02:716336..716764(+)	partial			WP_007248639.1	cyclophilin-like fold protein	66.9	81.2	52.6
MGA_1517	KOXSRR32937950_15120	sequence02:729199..729417(+)	partial			WP_019079039.1	ParD-like family protein	79.2	68.7	56.1
MGA_1544	KOXSRR32937950_15390	sequence02:754216..754677(-)	partial			WP_002390204.1	PTS fructose transporter subunit IIA	69.3	76.3	33.0
MGA_1699	KOXSRR32937950_16940	sequence03:142202..142657(+)	partial			WP_003420504.1	helix-turn-helix domain-containing protein	62.3	72.3	41.5
MGA_1780	KOXSRR32937950_17750	sequence03:227224..227643(+)	partial			WP_015369194.1	glutathione S-transferase	64.7	44.6	80.0
MGA_1787	KOXSRR32937950_17820	sequence03:236366..236929(+)	partial			WP_020077703.1	protein bax	100.0	68.0	94.1
MGA_1799	KOXSRR32937950_17940	sequence03:250751..251248(-)	partial			WP_205617032.1	integrase core domain-containing protein	98.8	44.8	44.8
MGA_1800	KOXSRR32937950_17950	sequence03:251871..252023(+)	partial			WP_001303715.1	type I toxin-antitoxin system toxin HokA	98.0	70.0	73.5
MGA_1824	KOXSRR32937950_18190	sequence03:279385..280188(+)	partial			WP_011103389.1	cellulose biosynthesis protein BcsQ	92.5	65.1	30.6
MGA_1829	KOXSRR32937950_18240	sequence03:289304..290257(+)	partial			WP_010972929.1	glycosyl hydrolase family 8	70.3	63.8	40.7
MGA_1935	KOXSRR32937950_19290	sequence03:411615..412118(-)	partial			WP_063446189.1	polymer-forming cytoskeletal protein	94.6	74.4	50.0
MGA_2145	KOXSRR32937950_21390	sequence04:101499..101825(+)	partial			WP_015704422.1	hypothetical protein	95.4	74.5	71.8
MGA_2152	KOXSRR32937950_21460	sequence04:110485..110742(+)	internal_stop_codon	110740..110742(+)		WP_015704417.1	DUF2950 family protein	94.1	29.9	61.2
MGA_2153	KOXSRR32937950_21470	sequence04:110827..111285(+)	internal_stop_codon	110740..110742(+)		WP_015704417.1	DUF2950 family protein	100.0	57.5	76.6
MGA_2230	KOXSRR32937950_22240	sequence04:205295..205783(-)	partial			WP_011142953.1	plasmid pRiA4b ORF-3 family protein	87.7	69.6	41.0
MGA_2319	KOXSRR32937950_23130	sequence04:308284..309111(-)	frameshift		309097	WP_002209214.1	NupC/NupG family nucleoside CNT transporter	99.6	64.8	78.1
MGA_2320	KOXSRR32937950_23140	sequence04:309047..309562(-)	frameshift		309097	WP_002209214.1	NupC/NupG family nucleoside CNT transporter	90.6	36.6	76.8
MGA_2378	KOXSRR32937950_23720	sequence04:366080..366334(-)	frameshift		366308	WP_015704292.1	VENN motif pre-toxin domain-containing protein	81.0	15.0	73.5
MGA_2379	KOXSRR32937950_23730	sequence04:366228..366452(-)	frameshift		366308	WP_015704292.1	VENN motif pre-toxin domain-containing protein	73.0	13.5	75.4
MGA_2442	KOXSRR32937950_24360	sequence04:441786..441962(-)	partial			WP_015704250.1	hypothetical protein	96.6	53.3	80.4
MGA_2454	KOXSRR32937950_24470	sequence05:9240..10010(-)	frameshift		10042	WP_015703360.1	fimbrial biogenesis usher protein	100.0	29.2	81.2
MGA_2455	KOXSRR32937950_24480	sequence05:9995..11875(-)	frameshift		10042	WP_015703360.1	fimbrial biogenesis usher protein	97.4	69.4	84.6
MGA_2633	KOXSRR32937950_26250	sequence05:204075..204839(+)	frameshift		204746	WP_000081550.1	RNA polymerase sigma factor RpoS	88.2	67.9	99.6
MGA_2634	KOXSRR32937950_26260	sequence05:204836..205066(+)	frameshift		204746	WP_000081550.1	RNA polymerase sigma factor RpoS	100.0	23.0	98.7
MGA_2665	KOXSRR32937950_26570	sequence05:235187..235927(-)	partial			WP_000442141.1	winged helix-turn-helix domain-containing protein	71.5	70.1	32.2
MGA_2765	KOXSRR32937950_27560	sequence05:337335..338429(+)	partial			WP_004534800.1	fimbrial protein	56.6	59.8	26.9
MGA_2782	KOXSRR32937950_27730	sequence05:354809..355348(-)	partial			WP_038420384.1	PTS transporter subunit EIIC	86.6	30.2	84.5
MGA_2787	KOXSRR32937950_27780	sequence05:358121..358966(-)	partial			WP_011106956.1	replication initiation protein	84.3	51.9	29.9
MGA_2794	KOXSRR32937950_27850	sequence05:361800..363278(+)	partial			WP_195816456.1	relaxase/mobilization nuclease domain-containing protein	53.7	64.6	32.0
MGA_2833	KOXSRR32937950_28240	sequence06:6851..7357(-)	partial			WP_015703189.1	tRNA-uridine aminocarboxypropyltransferase	100.0	72.4	85.7
MGA_2903	KOXSRR32937950_28940	sequence06:85687..86064(+)	partial			WP_011816415.1	TonB system transport protein TonB	55.2	26.9	42.0
MGA_2950	KOXSRR32937950_29410	sequence06:135360..135563(-)	partial			WP_000383839.1	YpfN family protein	68.7	69.7	80.4
MGA_2998	KOXSRR32937950_29890	sequence06:183616..184017(+)	partial			WP_167492733.1	cell division protein ZipA	100.0	39.6	99.2
MGA_3024	KOXSRR32937950_30140	sequence06:213278..213610(-)	partial			WP_013878143.1	hypothetical protein	99.1	39.4	50.5
MGA_3122	KOXSRR32937950_31120	sequence06:314552..314797(+)	frameshift		314411	WP_015703150.1	Rpn family recombination-promoting nuclease/putative transposase	97.5	19.5	43.0
MGA_3157	KOXSRR32937950_31470	sequence06:364142..364306(+)	partial			WP_001443095.1	PAAR domain-containing protein	98.1	61.6	88.7
MGA_3158	KOXSRR32937950_31480	sequence06:364921..365739(+)	partial			WP_000539869.1	hypothetical protein	99.3	56.6	61.5
MGA_3211	KOXSRR32937950_31990	sequence07:50877..51755(-)	partial			WP_011948908.1	nucleoside deaminase	36.0	68.2	40.2
MGA_3325	KOXSRR32937950_33130	sequence07:175357..176223(+)	partial			WP_000444280.1	effector binding domain-containing protein	38.2	37.5	33.3
MGA_3440	KOXSRR32937950_34280	sequence07:291422..291598(-)	frameshift		291774	WP_001311157.1	fimbria/pilus chaperone family protein	98.3	24.6	57.9
MGA_3441	KOXSRR32937950_34290	sequence07:291754..292098(-)	frameshift		291777	WP_001311157.1	fimbria/pilus chaperone family protein	86.0	44.6	66.0
MGA_3606	KOXSRR32937950_35930	sequence08:120023..120424(-)	partial			WP_015368695.1	phosphonate metabolism transcriptional regulator PhnF	100.0	55.2	85.0
MGA_3640	KOXSRR32937950_36260	sequence08:155616..156203(-)	partial			WP_000940510.1	EF-P beta-lysylation protein EpmB	100.0	57.0	87.7
MGA_3799	KOXSRR32937950_37850	sequence08:328626..328826(-)	partial			WP_000132614.1	endoribonuclease SymE	98.5	60.2	64.7
MGA_3815	KOXSRR32937950_38000	sequence09:361..543(+)	internal_stop_codon	541..543(+)		WP_002214794.1	S-type pyocin domain-containing protein	96.7	12.1	54.8
MGA_3822	KOXSRR32937950_38070	sequence09:8988..9425(+)	frameshift		8973	WP_015703870.1	carbohydrate porin	62.8	19.8	80.2
MGA_3838	KOXSRR32937950_38230	sequence09:23201..23374(-)	partial			WP_000979081.1	SDR family oxidoreductase	66.7	16.0	86.8
MGA_3850	KOXSRR32937950_38350	sequence09:32901..33344(-)	partial			WP_013096970.1	helix-turn-helix domain-containing protein	100.0	66.2	56.5
MGA_3991	KOXSRR32937950_39760	sequence09:183476..184792(+)	frameshift		184777,184804	WP_014343118.1	NtaA/DmoA family FMN-dependent monooxygenase	99.8	58.0	89.9
MGA_3992	KOXSRR32937950_39770	sequence09:184808..185755(+)	frameshift		184777,184804	WP_014343118.1	NtaA/DmoA family FMN-dependent monooxygenase	95.2	39.8	90.7
MGA_4017	KOXSRR32937950_40020	sequence09:211422..211625(+)	frameshift		211610	WP_000449622.1	site-specific integrase	95.5	19.0	48.4
MGA_4019	KOXSRR32937950_40040	sequence09:212810..213511(+)	partial			WP_013385515.1	ABC transporter ATP-binding protein	88.0	56.5	58.5
MGA_4054	KOXSRR32937950_40380	sequence09:253599..254978(-)	frameshift		255043,255100	WP_015705504.1	ABC-F family ATP-binding cassette domain-containing protein	100.0	80.6	76.7
MGA_4055	KOXSRR32937950_40390	sequence09:254933..255310(-)	frameshift		255043,255100	WP_015705504.1	ABC-F family ATP-binding cassette domain-containing protein	80.8	17.5	78.2
MGA_4115	KOXSRR32937950_40990	sequence09:316204..316731(-)	partial			WP_003242546.1	streptothricin N-acetyltransferase SatA	66.9	57.8	34.2
MGA_4176	KOXSRR32937950_41590	sequence10:57905..58081(-)	partial			WP_001303291.1	hypothetical protein	63.8	52.9	75.7
MGA_4212	KOXSRR32937950_41950	sequence10:96143..97159(-)	partial			WP_013097022.1	PTS N,N'-diacetylchitobiose transporter subunit IIC	100.0	74.8	85.8
MGA_4213	KOXSRR32937950_41960	sequence10:97206..97757(-)	partial			WP_046092923.1	IS630-like element ISEc33 family transposase	100.0	53.4	90.7
MGA_4214	KOXSRR32937950_41970	sequence10:98320..98655(-)	partial			WP_015366184.1	PTS N,N'-diacetylchitobiose transporter subunit IIC	95.5	23.5	95.3
MGA_4286	KOXSRR32937950_42690	sequence10:174458..175567(-)	frameshift,internal_stop_codon	174458..174460(-)	174385	WP_011816116.1	replication endonuclease	90.0	43.3	60.6
MGA_4287	KOXSRR32937950_42700	sequence10:175670..176221(+)	partial			WP_011815648.1	tyrosine-type recombinase/integrase	89.1	48.8	63.2
MGA_4296	KOXSRR32937950_42790	sequence10:185607..185978(+)	partial			WP_000879155.1	Fe(3+) dicitrate ABC transporter substrate-binding protein FecB	81.3	33.3	80.0
MGA_4297	KOXSRR32937950_42800	sequence10:185975..186331(+)	partial			WP_000175457.1	Fe(3+) dicitrate ABC transporter ATP-binding protein FecE	88.1	40.8	69.2
MGA_4322	KOXSRR32937950_43050	sequence10:209705..>211059(-)	partial			WP_038420542.1	transketolase	100.0	67.9	96.4
MGA_4531	KOXSRR32937950_45130	sequence12:17633..18022(-)	partial			WP_015706124.1	bifunctional murein DD-endopeptidase/murein LD-carboxypeptidase	100.0	68.3	97.7
MGA_4648	KOXSRR32937950_46300	sequence12:165725..167617(-)	partial			WP_033458864.1	EAL domain-containing protein	38.7	25.5	32.1
MGA_4666	KOXSRR32937950_46480	sequence12:190508..191644(+)	partial			WP_004528967.1	glycosyltransferase	96.3	44.8	60.2
MGA_4684	KOXSRR32937950_46650	sequence13:10698..11333(-)	frameshift		11371	WP_015366599.1	NCS1 family nucleobase:cation symporter-1	100.0	43.0	89.7
MGA_4685	KOXSRR32937950_46660	sequence13:11330..12184(-)	frameshift		11371	WP_013097232.1	NCS1 family nucleobase:cation symporter-1	95.4	54.0	91.9
MGA_4707	KOXSRR32937950_46880	sequence13:31386..32330(+)	partial			WP_013531037.1	GGDEF domain-containing protein	58.6	81.0	34.3
MGA_4709	KOXSRR32937950_46900	sequence13:33418..34185(+)	partial			WP_005086755.1	phytanoyl-CoA dioxygenase family protein	84.7	68.7	27.7
MGA_4757	KOXSRR32937950_47380	sequence13:83966..84157(+)	partial			WP_015705021.1	type 1 fimbrial protein	100.0	63.0	39.7
MGA_4860	KOXSRR32937950_48400	sequence14:24509..25594(+)	partial			WP_011948477.1	thymidylate synthase	55.1	57.4	28.8
MGA_4864	KOXSRR32937950_48440	sequence14:27766..28338(+)	partial			WP_013533245.1	hypothetical protein	64.7	62.8	44.4
MGA_4870	KOXSRR32937950_48500	sequence14:33849..34460(-)	partial			WP_011030355.1	TIR domain-containing protein	46.8	58.0	35.0
MGA_4885	KOXSRR32937950_48650	sequence14:49341..49841(+)	partial			WP_000598709.1	response regulator transcription factor	56.0	42.4	35.5
MGA_4907	KOXSRR32937950_48870	sequence14:71074..71523(-)	partial			WP_000093287.1	PTS mannitol transporter subunit IICBA	94.6	22.4	39.2
MGA_4948	KOXSRR32937950_49270	sequence15:10119..10508(-)	partial			WP_176994168.1	hypothetical protein	74.4	79.5	39.6
MGA_5001	KOXSRR32937950_49800	sequence15:66193..66378(-)	partial			WP_136031866.1	Rpn family recombination-promoting nuclease/putative transposase	100.0	20.2	57.4
MGA_5033	KOXSRR32937950_50120	sequence16:117..326(-)	partial			WP_001131788.1	class II aldolase	97.1	23.4	92.5
MGA_5050	KOXSRR32937950_50290	sequence16:16686..17567(-)	frameshift		17709	WP_095908218.1	peptide chain release factor 2	100.0	80.3	98.3
MGA_5099	KOXSRR32937950_50780	sequence16:67119..>68473(-)	partial			WP_038420542.1	transketolase	100.0	67.9	96.2
MGA_5100	KOXSRR32937950_50790	sequence17:132..776(+)	partial			WP_001131788.1	class II aldolase	99.1	74.1	76.9
MGA_5105	KOXSRR32937950_50840	sequence17:3631..4104(-)	partial			WP_001174466.1	aldo/keto reductase	98.7	54.8	96.1
MGA_5126	KOXSRR32937950_51050	sequence17:21324..21641(-)	partial			WP_000545416.1	membrane protein	93.3	60.5	40.8
MGA_5127	KOXSRR32937950_51060	sequence17:21797..22021(-)	partial			WP_001005856.1	membrane protein	98.6	29.9	64.4
MGA_5198	KOXSRR32937950_51760	sequence18:34158..36758(-)	partial			WP_125982920.1	sigma 54-interacting transcriptional regulator	37.2	36.9	46.3
MGA_5214	KOXSRR32937950_51920	sequence18:49602..50009(+)	partial			WP_012602186.1	galactoside O-acetyltransferase	96.3	64.0	54.6
MGA_5217	KOXSRR32937950_51950	sequence19:1084..1317(+)	partial			WP_130624425.1	choline BCCT transporter BetT	97.4	11.3	86.7
MGA_5218	KOXSRR32937950_51960	sequence19:1352..1606(-)	frameshift		1551	WP_085955172.1	IS3 family transposase	78.6	16.4	100.0
MGA_5219	KOXSRR32937950_51970	sequence19:1519..2172(-)	frameshift		2237,1550	WP_085955172.1	IS3 family transposase	95.4	51.5	100.0
MGA_5220	KOXSRR32937950_51980	sequence19:2190..2585(-)	frameshift		2237	WP_085955172.1	IS3 family transposase	90.8	29.6	92.4
MGA_5221	KOXSRR32937950_51990	sequence19:2840..3133(+)	partial			WP_000634384.1	IS1 family transposase	100.0	74.0	92.8
MGA_5222	KOXSRR32937950_52000	sequence19:3287..3691(+)	partial			WP_001281641.1	ISL3 family transposase	76.1	24.2	36.9
MGA_5232	KOXSRR32937950_52100	sequence19:14633..16438(+)	partial			WP_129244003.1	Ag(+)-translocating P-type ATPase SilP	100.0	73.0	99.3
MGA_5242	KOXSRR32937950_52200	sequence19:24995..25270(+)	partial			WP_013087108.1	copper resistance system metallochaperone PcoE	100.0	63.2	94.5
MGA_5243	KOXSRR32937950_52210	sequence19:25502..25681(-)	partial			WP_013087107.1	type II toxin-antitoxin system RelE/ParE family toxin	100.0	60.2	94.9
MGA_5245	KOXSRR32937950_52230	sequence19:27529..27933(+)	partial			WP_023173416.1	aquaporin	85.8	50.6	37.9
MGA_5251	KOXSRR32937950_52290	sequence19:30859..32199(+)	frameshift		31962,31959	WP_013087167.1	arsenical pump-driving ATPase	82.5	62.9	82.1
MGA_5252	KOXSRR32937950_52300	sequence19:32142..32615(+)	frameshift		31962,31959	WP_013087167.1	arsenical pump-driving ATPase	100.0	26.8	83.4
MGA_5276	KOXSRR32937950_52530	sequence20:9453..9842(+)	partial			WP_054991743.1	IS5-like element ISPsy2 family transposase	100.0	39.6	85.3
MGA_5288	KOXSRR32937950_52650	sequence20:19367..19582(-)	frameshift		19568	WP_011056378.1	ATP-dependent zinc metalloprotease FtsH	80.3	9.2	82.5
MGA_5289	KOXSRR32937950_52660	sequence20:19563..20054(-)	frameshift		19568	WP_041272613.1	ATP-dependent zinc metalloprotease FtsH	92.6	26.2	36.0
MGA_5293	KOXSRR32937950_52700	sequence20:23865..24146(-)	partial			WP_113932710.1	helix-turn-helix domain-containing protein	53.8	75.8	66.0
MGA_5296	KOXSRR32937950_52730	sequence20:25644..25829(+)	partial			WP_094096600.1	IS1-like element IS1A family transposase	75.4	19.8	95.7
MGA_5305	KOXSRR32937950_52820	sequence20:35737..36156(-)	partial			WP_153437736.1	ISNCY family transposase	96.4	28.0	47.0
MGA_5345	KOXSRR32937950_53210	sequence22:4628..5170(-)	partial			WP_002209100.1	single-stranded DNA-binding protein SSB1	67.8	67.0	77.9
MGA_5356	KOXSRR32937950_53320	sequence22:13361..13516(+)	internal_stop_codon	13340..13342(+)		WP_005172325.1	type II toxin-antitoxin system Phd/YefM family antitoxin	90.2	55.4	63.0
MGA_5357	KOXSRR32937950_53330	sequence22:13539..14396(-)	frameshift		14404	WP_000826423.1	RNA-guided endonuclease TnpB family protein	99.3	70.4	82.3
MGA_5358	KOXSRR32937950_53340	sequence22:14393..14677(-)	frameshift		14404	WP_000826425.1	RNA-guided endonuclease TnpB family protein	96.8	22.6	87.9
MGA_5364	KOXSRR32937950_53400	sequence22:23370..23540(-)	partial			WP_223804311.1	bifunctional diguanylate cyclase/phosphodiesterase	91.1	5.2	47.1
MGA_5376	KOXSRR32937950_53520	sequence23:5497..6147(+)	partial			WP_205617032.1	integrase core domain-containing protein	75.5	44.8	44.8
MGA_5412	KOXSRR32937950_53880	sequence25:2219..3055(+)	partial			WP_013097072.1	cyclic diguanylate phosphodiesterase	98.9	54.1	34.1
MGA_5423	KOXSRR32937950_53950	sequence27:2575..2964(+)	partial			WP_011109319.1	restriction endonuclease subunit S	88.4	26.4	36.8
MGA_5440	KOXSRR32937950_54100	sequence31:1033..1830(-)	partial			WP_064251564.1	ISNCY family transposase	89.4	49.3	51.5
MGA_5445	KOXSRR32937950_54130	sequence37:<1..868(+)	partial			WP_015705812.1	ImcF-related family protein	92.4	23.6	78.9
